代码,名称
920527,夜光明
688432,有研硅
301516,中远通
301251,威尔高
688261,东微半导
688584,上海合晶
688605,先锋精科
301237,和顺科技
300985,致远新能
300043,星辉娱乐
688802,沐曦股份-U
300745,欣锐科技
920627,力王股份
920122,中纺标
300717,华信新材
300276,三丰智能
688596,正帆科技
973,佛塑科技
601121,宝地矿业
600094,大名城
603178,圣龙股份
1206,依依股份
1311,多利科技
2841,视源股份
2137,实益达
605399,晨光新材
2951,金时科技
603823,百合花
1229,魅视科技
3004,声迅股份
600206,有研新材
603356,华菱精工
1365,天海电子
2497,雅化集团
603065,宿迁联盛
600793,宜宾纸业
605118,力鼎光电
600246,万通发展
603861,白云电器
2129,TCL中环
2185,华天科技
603137,恒尚节能
600360,华微电子
1230,劲旅环境
600288,大恒科技
2585,双星新材
600120,浙江东方
78,ST海王
300103,达刚控股
2266,浙富控股
920058,华洋赛车
301053,远信工业
603893,瑞芯微
301068,大地海洋
711,ST京蓝
2617,露笑科技
2607,中公教育
300228,富瑞特装
2132,恒星科技
920438,戈碧迦
301595,太力科技
688392,骄成超声
300522,世名科技
301151,冠龙节能
603608,天创时尚
2031,巨轮智能
300540,蜀道装备
2077,大港股份
603313,梦百合
300533,冰川网络
301038,深水规院
688176,亚虹医药-U
688595,芯海科技
688702,盛科通信-U
300145,南方泵业
688362,甬矽电子
301045,天禄科技
688813,泰金新能
2605,姚记科技
300019,硅宝科技
688282,理工导航
2457,青龙管业
688548,广钢气体
301539,宏鑫科技
2747,埃斯顿
593,德龙汇能
688419,耐科装备
688082,盛美上海
970,中科三环
688652,京仪装备
2768,国恩股份
600584,长电科技
603333,福华尚纬
2329,皇氏集团
300376,易事特
603616,韩建河山
2281,光迅科技
301108,洁雅股份
300471,厚普股份
2558,巨人网络
600000,浦发银行
600004,白云机场
600006,东风股份
600007,中国国贸
600008,首创环保
600009,上海机场
600010,包钢股份
600011,华能国际
600012,皖通高速
600015,华夏银行
600016,民生银行
600017,日照港
600018,上港集团
600019,宝钢股份
600020,中原高速
600021,上海电力
600022,山东钢铁
600023,浙能电力
600025,华能水电
600026,中远海能
600027,华电国际
600028,中国石化
600029,南方航空
600030,中信证券
600031,三一重工
600032,浙江新能
600033,福建高速
600035,楚天高速
600036,招商银行
600037,歌华有线
600038,中直股份
600039,四川路桥
600048,保利发展
600050,中国联通
600051,宁波联合
600052,东望时代
600053,*ST九鼎
600054,黄山旅游
600055,万东医疗
600056,中国医药
600057,厦门象屿
600058,五矿发展
600059,古越龙山
600060,海信视像
600061,国投资本
600062,华润双鹤
600063,皖维高新
600064,南京高科
600066,宇通客车
600067,冠城新材
600071,凤凰光学
600072,中船科技
600073,光明肉业
600075,新疆天业
600076,康欣新材
600078,澄星股份
600079,ST人福
600080,ST金花
600081,东风科技
600082,ST海泰
600084,*ST尼雅
600085,同仁堂
600088,中视传媒
600089,特变电工
600094,大名城
600095,湘财股份
600096,云天化
600097,开创国际
600098,广州发展
600099,林海股份
600100,同方股份
600101,明星电力
600103,青山纸业
600104,上汽集团
600105,永鼎股份
600106,重庆路桥
600107,*ST尔雅
600108,亚盛集团
600109,国金证券
600110,诺德股份
600111,北方稀土
600113,浙江东日
600114,东睦股份
600115,中国东航
600116,三峡水利
600117,西宁特钢
600118,中国卫星
600119,*ST长投
600120,浙江东方
600121,郑州煤电
600123,兰花科创
600125,铁龙物流
600126,杭钢股份
600127,金健米业
600128,苏豪弘业
600129,太极集团
600130,波导股份
600131,国网信通
600132,重庆啤酒
600133,东湖高新
600135,乐凯胶片
600136,ST明诚
600137,浪莎股份
600138,中青旅
600141,兴发集团
600143,金发科技
600148,长春一东
600149,廊坊发展
600150,中国船舶
600151,航天机电
600152,维科技术
600153,建发股份
600155,华创云信
600156,华升股份
600157,永泰能源
600158,中体产业
600159,大龙地产
600160,巨化股份
600161,天坛生物
600162,香江控股
600163,中闽能源
600165,ST宁科
600166,福田汽车
600167,联美控股
600168,武汉控股
600169,ST太重
600170,上海建工
600171,上海贝岭
600172,黄河旋风
600173,卧龙新能
600176,中国巨石
600177,雅戈尔
600178,东安动力
600179,安通控股
600180,*ST瑞茂
600182,S佳通
600183,生益科技
600184,光电股份
600185,珠免集团
600186,莲花控股
600187,*ST国中
600188,兖矿能源
600189,泉阳泉
600191,华资实业
600192,长城电工
600195,XD中牧股
600196,复星医药
600197,伊力特
600198,大唐电信
600199,金种子酒
600201,生物股份
600202,哈空调
600203,福日电子
600206,有研新材
600207,安彩高科
600208,衢州发展
600210,紫江企业
600211,西藏药业
600212,绿能慧充
600215,派斯林
600216,浙江医药
600217,中再资环
600218,全柴动力
600219,南山铝业
600221,海航控股
600222,太龙药业
600223,福瑞达
600226,亨通股份
600227,赤天化
600228,返利科技
600229,城市传媒
600230,沧州大化
600231,凌钢股份
600232,金鹰股份
600233,圆通速递
600234,科新发展
600235,民丰特纸
600236,桂冠电力
600237,铜峰电子
600238,*ST椰岛
600239,ST云城
600241,时代万恒
600243,*ST海华
600246,万通发展
600248,陕建股份
600249,两面针
600250,南京商旅
600251,冠农股份
600252,中恒集团
600255,鑫科材料
600256,广汇能源
600257,大湖股份
600258,首旅酒店
600259,中稀有色
600261,阳光照明
600262,北方股份
600265,*ST景谷
600266,城建发展
600267,海正药业
600268,国电南自
600269,赣粤高速
600271,航天信息
600272,XD开开实
600273,嘉化能源
600276,恒瑞医药
600278,东方创业
600279,重庆港
600280,中央商场
600281,华阳新材
600282,南钢股份
600283,钱江水利
600284,浦东建设
600285,羚锐制药
600287,苏豪时尚
600288,大恒科技
600289,ST信通
600292,电投水电
600293,三峡新材
600295,鄂尔多斯
600298,安琪酵母
600299,安迪苏
600300,维维股份
600301,华锡有色
600302,ST标准
600303,曙光股份
600305,恒顺醋业
600307,酒钢宏兴
600308,华泰股份
600309,万华化学
600310,广西能源
600312,平高电气
600313,农发种业
600315,上海家化
600316,洪都航空
600318,新力金融
600319,亚星化学
600320,振华重工
600322,津投城开
600323,瀚蓝环境
600325,华发股份
600326,西藏天路
600327,大东方
600328,中盐化工
600329,达仁堂
600330,天通股份
600331,宏达股份
600332,白云山
600333,长春燃气
600335,国机汽车
600336,澳柯玛
600337,ST美克
600338,西藏珠峰
600339,中油工程
600340,*ST华幸
600343,航天动力
600345,长江通信
600346,恒力石化
600348,华阳股份
600350,山东高速
600351,亚宝药业
600352,浙江龙盛
600353,旭光电子
600354,敦煌种业
600356,恒丰纸业
600358,国旅联合
600359,新农开发
600360,华微电子
600361,创新新材
600362,江西铜业
600363,联创光电
600365,ST通葡
600366,宁波韵升
600367,红星发展
600368,五洲交通
600369,西南证券
600370,*ST三房
600371,万向德农
600372,中航机载
600373,中文传媒
600375,汉马科技
600376,首开股份
600377,宁沪高速
600378,昊华科技
600379,宝光股份
600380,健康元
600381,*ST春天
600382,广东明珠
600383,金地集团
600386,北巴传媒
600388,龙净环保
600389,江山股份
600390,五矿资本
600391,航发科技
600392,盛和资源
600395,盘江股份
600396,华电辽能
600397,江钨装备
600398,海澜之家
600399,抚顺特钢
600400,红豆股份
600403,大有能源
600405,动力源
600406,国电南瑞
600408,安泰集团
600409,三友化工
600410,华胜天成
600415,小商品城
600416,湘电股份
600418,江淮汽车
600419,天润乳业
600420,国药现代
600422,昆药集团
600423,*ST柳化
600425,青松建化
600426,华鲁恒升
600428,中远海特
600429,三元股份
600433,冠豪高新
600435,北方导航
600436,片仔癀
600438,通威股份
600439,瑞贝卡
600444,国机通用
600446,金证股份
600448,华纺股份
600449,宁夏建材
600452,涪陵电力
600455,博通股份
600456,宝钛股份
600458,时代新材
600459,贵研铂业
600460,士兰微
600461,洪城环境
600463,空港股份
600467,好当家
600468,百利电气
600469,风神股份
600470,六国化工
600475,华光环能
600476,*ST湘邮
600477,杭萧钢构
600478,科力远
600479,千金药业
600480,凌云股份
600481,双良节能
600482,中国动力
600483,福能股份
600486,扬农化工
600487,亨通光电
600488,津药药业
600489,中金黄金
600490,鹏欣资源
600491,ST龙元
600493,凤竹纺织
600495,晋西车轴
600496,精工钢构
600497,驰宏锌锗
600498,烽火通信
600499,科达制造
600500,中化国际
600501,航天晨光
600502,安徽建工
600503,华丽家族
600505,西昌电力
600506,统一股份
600507,方大特钢
600508,上海能源
600509,天富能源
600510,黑牡丹
600511,国药股份
600512,腾达建设
600513,联环药业
600515,海南机场
600516,方大炭素
600517,国网英大
600518,康美药业
600519,贵州茅台
600520,三佳科技
600521,华海药业
600522,中天科技
600523,贵航股份
600525,ST长园
600526,菲达环保
600527,江南高纤
600528,中铁工业
600529,山东药玻
600530,交大昂立
600531,豫光金铅
600533,栖霞建设
600535,天士力
600536,中国软件
600537,*ST亿晶
600538,国发股份
600539,狮头股份
600540,新赛股份
600543,*ST莫高
600545,卓郎智能
600546,山煤国际
600547,山东黄金
600548,深高速
600549,厦门钨业
600550,保变电气
600551,时代出版
600552,凯盛科技
600556,天下秀
600557,康缘药业
600558,大西洋
600559,老白干酒
600560,金自天正
600561,江西长运
600562,国睿科技
600563,法拉电子
600566,济川药业
600567,山鹰国际
600568,ST中珠
600569,安阳钢铁
600570,恒生电子
600571,信雅达
600572,康恩贝
600573,惠泉啤酒
600575,淮河能源
600576,祥源文旅
600577,精达股份
600578,京能电力
600579,中化装备
600580,卧龙电驱
600581,*ST八钢
600582,天地科技
600583,海油工程
600584,长电科技
600585,海螺水泥
600586,金晶科技
600587,新华医疗
600588,用友网络
600589,大位科技
600590,泰豪科技
600592,龙溪股份
600593,大连圣亚
600594,益佰制药
600595,中孚实业
600596,新安股份
600597,光明乳业
600598,北大荒
600600,青岛啤酒
600601,方正科技
600602,云赛智联
600603,广汇物流
600604,市北高新
600605,汇通能源
600606,绿地控股
600609,金杯汽车
600610,中毅达
600611,大众交通
600612,老凤祥
600613,神奇制药
600615,鑫源智造
600616,金枫酒业
600617,国新能源
600618,氯碱化工
600619,海立股份
600620,天宸股份
600621,华鑫股份
600622,光大嘉宝
600623,华谊集团
600624,ST复华
600626,申达股份
600628,新世界
600629,华建集团
600630,龙头股份
600633,浙数文化
600635,大众公用
600637,东方明珠
600638,新黄浦
600639,浦东金桥
600640,国脉文化
600641,先导基电
600642,申能股份
600643,爱建集团
600644,乐山电力
600645,中源协和
600648,外高桥
600649,城投控股
600650,锦江在线
600651,飞乐音响
600653,申华控股
600654,中安科
600655,豫园股份
600657,信达地产
600658,电子城
600660,福耀玻璃
600661,昂立教育
600662,外服控股
600663,陆家嘴
600664,哈药股份
600665,天地源
600666,奥瑞德
600667,太极实业
600668,尖峰集团
600671,天目药业
600673,东阳光
600674,川投能源
600675,中华企业
600676,交运股份
600678,ST金顶
600679,上海凤凰
600681,百川能源
600682,南京新百
600683,京投发展
600684,珠江股份
600685,中船防务
600686,金龙汽车
600688,上海石化
600689,上海三毛
600690,海尔智家
600691,潞化科技
600692,亚通股份
600693,东百集团
600694,大商股份
600697,欧亚集团
600698,湖南天雁
600699,均胜电子
600702,舍得酒业
600703,三安光电
600704,物产中大
600706,曲江文旅
600707,彩虹股份
600708,光明地产
600710,苏美达
600711,盛屯矿业
600712,南宁百货
600713,南京医药
600714,金瑞矿业
600715,文投控股
600716,凤凰股份
600717,天津港
600718,东软集团
600719,大连热电
600720,中交设计
600721,百花医药
600722,金牛化工
600724,宁波富达
600725,云维股份
600726,华电能源
600727,鲁北化工
600728,佳都科技
600729,重百集团
600730,*ST高科
600731,湖南海利
600732,爱旭股份
600733,北汽蓝谷
600734,*ST实达
600735,ST新华锦
600736,苏州高新
600737,中粮糖业
600738,丽尚国潮
600739,辽宁成大
600740,山西焦化
600741,华域汽车
600742,富维股份
600743,华远控股
600744,华银电力
600745,*ST闻泰
600746,江苏索普
600748,上实发展
600749,西藏旅游
600750,华润江中
600751,海航科技
600753,ST海钦
600754,锦江酒店
600755,厦门国贸
600756,浪潮软件
600757,长江传媒
600758,辽宁能源
600759,ST洲际
600760,中航沈飞
600761,安徽合力
600763,通策医疗
600764,中国海防
600765,中航重机
600768,宁波富邦
600769,祥龙电业
600770,综艺股份
600771,广誉远
600773,西藏城投
600774,汉商集团
600775,南京熊猫
600776,东方通信
600777,新潮能源
600778,友好集团
600779,水井坊
600780,通宝能源
600782,新钢股份
600783,鲁信创投
600784,鲁银投资
600785,新华百货
600787,中储股份
600789,鲁抗医药
600790,XD轻纺城
600791,京能置业
600792,云煤能源
600793,宜宾纸业
600794,保税科技
600795,国电电力
600796,钱江生化
600797,浙大网新
600798,宁波海运
600800,渤海化学
600801,华新建材
600802,福建水泥
600803,新奥股份
600805,悦达投资
600807,济高发展
600808,马钢股份
600809,山西汾酒
600810,神马股份
600812,华北制药
600814,杭州解百
600815,厦工股份
600816,建元信托
600817,宇通重工
600818,ST中路
600819,XD耀皮玻
600820,隧道股份
600821,金开新能
600822,上海物贸
600824,益民集团
600825,新华传媒
600826,兰生股份
600827,百联股份
600828,茂业商业
600829,人民同泰
600830,香溢融通
600831,广电网络
600833,第一医药
600834,申通地铁
600835,上海机电
600838,上海九百
600839,四川长虹
600841,动力新科
600843,上工申贝
600844,金煤科技
600845,宝信软件
600846,同济科技
600847,万里股份
600848,上海临港
600850,电科数字
600851,海欣股份
600853,龙建股份
600854,春兰股份
600855,航天长峰
600857,宁波中百
600858,银座股份
600859,王府井
600860,京城股份
600861,北京人力
600862,中航高科
600863,华能蒙电
600864,哈投股份
600865,百大集团
600866,星湖科技
600867,通化东宝
600868,梅雁吉祥
600869,远东股份
600871,石化油服
600872,中炬高新
600873,梅花生物
600874,创业环保
600875,东方电气
600876,凯盛新能
600877,电科芯片
600879,航天电子
600880,博瑞传播
600881,亚泰集团
600882,妙可蓝多
600883,博闻科技
600884,杉杉股份
600885,宏发股份
600886,国投电力
600887,伊利股份
600888,新疆众和
600889,*ST京化
600892,大晟文化
600893,航发动力
600894,广日股份
600895,张江高科
600897,厦门空港
600900,长江电力
600901,江苏金租
600903,贵州燃气
600905,三峡能源
600906,财达证券
600908,XD无锡银
600909,华安证券
600916,中国黄金
600917,重庆燃气
600918,中泰证券
600919,江苏银行
600925,苏能股份
600926,杭州银行
600927,永安期货
600928,西安银行
600929,雪天盐业
600930,华电新能
600933,爱柯迪
600935,华塑股份
600936,北投科技
600938,中国海油
600939,重庆建工
600941,中国移动
600955,维远股份
600956,新天绿能
600958,东方证券
600959,江苏有线
600960,渤海汽车
600961,株冶集团
600962,国投中鲁
600963,岳阳林纸
600965,*ST福成
600966,博汇纸业
600967,内蒙一机
600968,海油发展
600969,郴电国际
600970,中材国际
600971,恒源煤电
600973,宝胜股份
600975,新五丰
600976,健民集团
600977,中国电影
600979,广安爱众
600980,北矿科技
600981,苏豪汇鸿
600982,宁波能源
600983,惠而浦
600984,建设机械
600985,淮北矿业
600986,浙文互联
600987,航民股份
600988,赤峰黄金
600989,宝丰能源
600990,四创电子
600992,贵绳股份
600993,马应龙
600995,南网储能
600996,贵广网络
600997,开滦股份
600998,九州通
600999,招商证券
601000,唐山港
601001,晋控煤业
601002,晋亿实业
601003,柳钢股份
601005,重庆钢铁
601006,大秦铁路
601007,金陵饭店
601008,连云港
601009,南京银行
601010,ST文峰
601011,宝泰隆
601012,隆基绿能
601015,陕西黑猫
601016,节能风电
601018,宁波港
601019,山东出版
601020,华钰矿业
601021,春秋航空
601022,宁波远洋
601026,道生天合
601033,永兴股份
601038,一拖股份
601058,赛轮轮胎
601059,信达证券
601061,中信金属
601065,XD江盐集
601066,中信建投
601068,中铝国际
601069,西部黄金
601077,渝农商行
601083,锦江航运
601086,国芳集团
601088,中国神华
601089,福元医药
601096,宏盛华源
601098,中南传媒
601099,太平洋
601100,恒立液压
601101,昊华能源
601106,中国一重
601107,四川成渝
601108,财通证券
601111,中国国航
601112,振石股份
601113,华鼎股份
601116,三江购物
601117,中国化学
601118,海南橡胶
601121,宝地矿业
601126,四方股份
601127,赛力斯
601128,常熟银行
601133,柏诚股份
601136,首创证券
601137,博威合金
601138,工业富联
601139,深圳燃气
601155,新城控股
601156,东航物流
601158,重庆水务
601162,天风证券
601163,三角轮胎
601166,兴业银行
601168,西部矿业
601169,北京银行
601177,杭齿前进
601179,中国西电
601186,中国铁建
601187,厦门银行
601188,龙江交通
601198,东兴证券
601199,江南水务
601200,上海环境
601208,东材科技
601211,国泰海通
601212,白银有色
601216,君正集团
601218,吉鑫科技
601222,林洋能源
601225,陕西煤业
601226,华电科工
601228,广州港
601229,上海银行
601231,环旭电子
601233,桐昆股份
601236,红塔证券
601238,广汽集团
601279,英利汽车
601288,农业银行
601298,青岛港
601311,骆驼股份
601318,中国平安
601319,中国人保
601326,秦港股份
601328,交通银行
601330,绿色动力
601333,广深铁路
601336,新华保险
601339,百隆东方
601360,三六零
601366,利群股份
601368,绿城水务
601369,陕鼓动力
601375,中原证券
601377,兴业证券
601388,怡球资源
601390,中国中铁
601398,工商银行
601399,国机重装
601456,国联民生
601500,通用股份
601512,中新集团
601515,衢州东峰
601518,吉林高速
601519,大智慧
601528,瑞丰银行
601555,东吴证券
601566,九牧王
601567,三星电气
601568,北元化工
601577,长沙银行
601579,会稽山
601588,北辰实业
601595,上海电影
601598,中国外运
601599,浙文影业
601600,中国铝业
601601,中国太保
601606,长城军工
601607,上海医药
601608,中信重工
601609,金田股份
601611,中国核建
601615,明阳智能
601616,广电电气
601618,中国中冶
601619,嘉泽新能
601628,中国人寿
601633,长城汽车
601636,旗滨集团
601658,邮储银行
601665,齐鲁银行
601666,平煤股份
601668,中国建筑
601669,中国电建
601677,明泰铝业
601678,滨化股份
601686,友发集团
601688,华泰证券
601689,拓普集团
601696,中银证券
601698,中国卫通
601699,潞安环能
601700,风范股份
601702,华峰铝业
601717,中创智领
601718,ST际华
601727,上海电气
601728,中国电信
601766,中国中车
601777,千里科技
601778,晶科科技
601788,光大证券
601789,宁波建工
601798,蓝科高新
601799,星宇股份
601800,中国交建
601801,皖新传媒
601808,中海油服
601811,新华文轩
601816,京沪高铁
601818,光大银行
601825,沪农商行
601827,三峰环境
601828,美凯龙
601838,成都银行
601857,中国石油
601858,中国科传
601860,紫金银行
601865,福莱特
601866,中远海发
601868,中国能建
601869,长飞光纤
601872,招商轮船
601877,正泰电器
601878,浙商证券
601880,辽港股份
601881,中国银河
601882,海天精工
601886,江河集团
601888,中国中免
601890,亚星锚链
601898,中煤能源
601899,紫金矿业
601900,南方传媒
601901,方正证券
601908,京运通
601916,浙商银行
601918,新集能源
601919,中远海控
601921,浙版传媒
601928,凤凰传媒
601929,吉视传媒
601933,永辉超市
601939,建设银行
601949,中国出版
601952,苏垦农发
601956,东贝集团
601958,金钼股份
601963,XD重庆银
601965,中国汽研
601966,玲珑轮胎
601968,宝钢包装
601969,海南矿业
601975,招商南油
601985,中国核电
601988,中国银行
601990,南京证券
601991,大唐发电
601992,金隅集团
601995,中金公司
601996,丰林集团
601997,贵阳银行
601998,中信银行
601999,出版传媒
603000,人民网
603001,奥康国际
603002,宏昌电子
603004,鼎龙科技
603005,晶方科技
603006,联明股份
603007,顺景科技
603008,ST喜临门
603009,北特科技
603010,万盛股份
603011,合锻智能
603012,创力集团
603013,亚普股份
603014,威高血净
603015,弘讯科技
603016,新宏泰
603017,中衡设计
603018,华设集团
603019,中科曙光
603020,爱普股份
603021,*ST华鹏
603022,新通联
603023,威帝股份
603025,大豪科技
603026,石大胜华
603027,千禾味业
603028,赛福天
603029,天鹅股份
603030,全筑股份
603031,安孚科技
603032,德新科技
603033,三维股份
603035,常熟汽饰
603036,如通股份
603037,凯众股份
603038,华立股份
603039,泛微网络
603040,新坐标
603041,美思德
603042,华脉科技
603043,广州酒家
603045,福达合金
603048,浙江黎明
603049,中策橡胶
603050,科林电气
603051,鹿山新材
603052,可川科技
603053,成都燃气
603055,台华新材
603057,紫燕食品
603058,永吉股份
603059,倍加洁
603060,国检集团
603061,金海通
603062,麦加芯彩
603063,禾望电气
603065,宿迁联盛
603066,音飞储存
603067,振华股份
603068,博通集成
603069,海汽集团
603070,万控智造
603071,物产环能
603072,天和磁材
603073,彩蝶实业
603075,热威股份
603076,乐惠国际
603077,和邦生物
603078,江化微
603079,圣达生物
603080,新疆火炬
603081,大丰实业
603082,北自科技
603083,剑桥科技
603085,天成自控
603086,先达股份
603087,甘李药业
603088,宁波精达
603089,正裕工业
603090,宏盛股份
603091,众鑫股份
603092,德力佳
603093,南华期货
603095,越剑智能
603096,新经典
603097,江苏华辰
603098,森特股份
603099,长白山
603100,川仪股份
603101,汇嘉时代
603102,百合股份
603103,横店影视
603105,芯能科技
603106,恒银科技
603107,上海汽配
603108,润达医疗
603109,神驰机电
603110,东方材料
603111,康尼机电
603112,华翔股份
603113,金能科技
603115,海星股份
603116,红蜻蜓
603117,万林物流
603118,共进股份
603119,浙江荣泰
603120,肯特催化
603121,华培动力
603122,合富中国
603123,翠微股份
603124,江南新材
603125,常青科技
603126,中材节能
603127,昭衍新药
603128,华贸物流
603129,春风动力
603130,云中马
603131,上海沪工
603132,金徽股份
603135,中重科技
603136,天目湖
603137,恒尚节能
603138,海量数据
603139,康惠股份
603150,万朗磁塑
603151,邦基科技
603153,上海建科
603155,新亚强
603156,养元饮品
603158,腾龙股份
603159,上海亚虹
603160,汇顶科技
603161,科华控股
603162,海通发展
603163,圣晖集成
603165,荣晟环保
603166,福达股份
603167,渤海轮渡
603168,莎普爱思
603169,兰石重装
603170,宝立食品
603171,税友股份
603172,万丰股份
603173,福斯达
603175,超颖电子
603176,汇通集团
603177,德创环保
603178,圣龙股份
603179,新泉股份
603180,金牌家居
603181,皇马科技
603182,嘉华股份
603183,建研院
603185,弘元绿能
603186,华正新材
603187,海容冷链
603188,亚邦股份
603189,*ST网达
603190,亚通精工
603191,望变电气
603192,汇得科技
603193,润本股份
603194,中力股份
603195,公牛集团
603196,璞源材料
603197,保隆科技
603198,迎驾贡酒
603199,九华旅游
603200,上海洗霸
603201,常润股份
603202,天有为
603203,快克智能
603205,健尔康
603206,嘉环科技
603207,小方制药
603208,江山欧派
603209,兴通股份
603210,泰鸿万立
603211,晋拓股份
603212,赛伍技术
603213,镇洋发展
603214,爱婴室
603215,比依股份
603216,梦天家居
603217,元利科技
603218,日月股份
603219,富佳股份
603220,中贝通信
603221,爱丽家居
603222,济民健康
603223,恒通股份
603225,新凤鸣
603226,菲林格尔
603227,雪峰科技
603228,景旺电子
603229,奥翔药业
603230,内蒙新华
603231,索宝蛋白
603232,格尔软件
603233,大参林
603235,天新药业
603236,移远通信
603237,五芳斋
603238,诺邦股份
603239,浙江仙通
603248,锡华科技
603255,鼎际得
603256,宏和科技
603257,中国瑞林
603258,电魂网络
603259,药明康德
603260,合盛硅业
603261,立航科技
603262,技源集团
603266,天龙股份
603267,鸿远电子
603268,松发股份
603269,海鸥股份
603270,金帝股份
603271,永杰新材
603272,*ST联翔
603273,天元智能
603275,众辰科技
603276,恒兴新材
603277,银都股份
603278,大业股份
603279,景津装备
603280,南方路机
603281,江瀚新材
603282,亚光股份
603283,赛腾股份
603284,林平发展
603285,键邦股份
603286,日盈电子
603288,海天味业
603289,泰瑞机器
603290,斯达半导
603291,联合水务
603293,埃泰克
603296,华勤技术
603297,永新光学
603298,杭叉集团
603299,苏盐井神
603300,海南华铁
603301,振德医疗
603303,得邦照明
603305,旭升集团
603306,华懋科技
603307,扬州金泉
603308,应流股份
603309,维力医疗
603310,巍华新材
603311,金海高科
603312,西典新能
603313,梦百合
603315,福鞍股份
603316,诚邦股份
603317,天味食品
603318,水发燃气
603319,美湖股份
603320,迪贝电气
603321,梅轮电梯
603322,超讯科技
603323,苏农银行
603324,盛剑科技
603325,博隆技术
603326,我乐家居
603327,福蓉科技
603328,依顿电子
603329,上海雅仕
603330,天洋新材
603331,百达精工
603332,苏州龙杰
603333,福华尚纬
603334,丰倍生物
603335,迪生力
603336,宏辉果蔬
603337,杰克科技
603338,浙江鼎力
603339,四方科技
603341,龙旗科技
603344,星德胜
603345,安井食品
603348,文灿股份
603350,安乃达
603351,威尔药业
603352,至信股份
603353,和顺石油
603355,莱克电气
603356,华菱精工
603357,设计总院
603358,华达科技
603359,*ST东珠
603360,百傲化学
603363,傲农生物
603365,水星家纺
603366,日出东方
603367,辰欣药业
603368,柳药集团
603369,今世缘
603370,华新精科
603373,安邦护卫
603375,盛景微
603376,大明电子
603377,ST东时
603378,*ST亚士
603379,三美股份
603380,易德龙
603381,永臻股份
603382,海阳科技
603383,顶点软件
603385,惠达卫浴
603386,骏亚科技
603387,基蛋生物
603389,亚振家居
603390,通达电气
603391,力聚热能
603392,万泰生物
603393,新天然气
603395,红四方
603396,金辰股份
603398,*ST沐邦
603399,永杉锂业
603400,华之杰
603402,陕西旅游
603406,天富龙
603407,长裕集团
603408,建霖家居
603409,汇通控股
603416,信捷电气
603418,友升股份
603421,鼎信通讯
603429,*ST集友
603435,嘉德利
603439,三力制药
603444,吉比特
603456,九洲药业
603458,勘设股份
603459,红板科技
603466,风语筑
603477,巨星农牧
603486,科沃斯
603488,展鹏科技
603489,八方股份
603496,恒为科技
603499,翔港科技
603500,祥和实业
603501,豪威集团
603505,金石资源
603506,南都物业
603507,振江股份
603508,思维列控
603511,爱慕股份
603515,欧普照明
603516,淳中科技
603517,ST绝味
603518,锦泓集团
603519,立霸股份
603520,司太立
603527,众源新材
603528,多伦科技
603529,爱玛科技
603530,神马电力
603533,掌阅科技
603535,嘉诚国际
603536,惠发食品
603538,美诺华
603551,奥普科技
603556,XD海兴电
603557,*ST起步
603558,健盛集团
603559,中通国脉
603565,中谷物流
603566,普莱柯
603567,珍宝岛
603568,伟明环保
603569,长久物流
603577,汇金通
603578,三星新材
603579,荣泰健康
603580,艾艾精工
603583,捷昌驱动
603585,苏利股份
603586,金麒麟
603587,地素时尚
603588,高能环境
603589,口子窖
603590,康辰药业
603595,ST东尼
603596,伯特利
603598,引力传媒
603599,广信股份
603600,永艺股份
603601,再升科技
603602,纵横通信
603605,珀莱雅
603606,东方电缆
603607,京华激光
603608,天创时尚
603609,禾丰股份
603610,麒盛科技
603611,诺力股份
603612,索通发展
603613,国联股份
603615,茶花股份
603616,韩建河山
603617,君禾股份
603618,杭电股份
603619,中曼石油
603626,科森科技
603628,清源股份
603629,DR利通电
603630,拉芳家化
603633,徕木股份
603636,南威软件
603637,镇海股份
603638,艾迪精密
603639,海利尔
603648,畅联股份
603650,彤程新材
603655,朗博科技
603656,泰禾智能
603657,春光科技
603658,安图生物
603659,璞泰来
603660,苏州科达
603661,恒林股份
603662,柯力传感
603663,三祥新材
603665,康隆达
603666,亿嘉和
603667,五洲新春
603668,天马科技
603669,灵康药业
603676,卫信康
603677,奇精机械
603678,火炬电子
603679,华体科技
603680,今创集团
603681,永冠新材
603682,锦和商管
603683,XD晶华新
603685,晨丰科技
603686,福龙马
603687,大胜达
603688,石英股份
603689,皖天然气
603690,至纯科技
603693,江苏新能
603696,安记食品
603697,有友食品
603698,航天工程
603699,纽威股份
603700,宁水集团
603701,德宏股份
603703,盛洋科技
603706,东方环宇
603707,健友股份
603708,家家悦
603709,中源家居
603711,香飘飘
603712,七一二
603713,密尔克卫
603716,塞力医疗
603717,天域生物
603718,*ST海利
603719,良品铺子
603721,中广天择
603722,阿科力
603725,天安新材
603726,朗迪集团
603727,博迈科
603728,鸣志电器
603729,ST龙韵
603730,岱美股份
603733,仙鹤股份
603737,三棵树
603738,泰晶科技
603739,蔚蓝生物
603755,日辰股份
603757,大元泵业
603758,秦安股份
603759,海天股份
603766,隆鑫通用
603767,中马传动
603768,常青股份
603773,沃格光电
603776,永安行
603777,来伊份
603778,国晟科技
603779,威龙股份
603786,科博达
603787,新日股份
603788,宁波高发
603789,ST星农
603790,雅运股份
603797,联泰环保
603798,康普顿
603799,华友钴业
603800,洪田股份
603801,志邦家居
603803,瑞斯康达
603806,福斯特
603808,歌力思
603809,豪能股份
603810,丰山集团
603811,诚意药业
603813,原尚股份
603815,交建股份
603816,顾家家居
603817,海峡环保
603818,曲美家居
603819,神力股份
603822,ST嘉澳
603823,百合花
603825,ST华扬
603826,坤彩科技
603828,*ST利达
603829,洛凯股份
603833,欧派家居
603836,海程邦达
603838,*ST四通
603839,安正时尚
603843,*ST正平
603848,好太太
603855,华荣股份
603856,东宏股份
603858,步长制药
603859,能科科技
603860,中公高科
603861,白云电器
603863,松炀资源
603866,桃李面包
603867,新化股份
603868,飞科电器
603869,ST智知
603871,嘉友国际
603876,鼎胜新材
603877,太平鸟
603878,武进不锈
603879,永悦科技
603880,南卫股份
603881,数据港
603882,金域医学
603883,老百姓
603885,吉祥航空
603886,元祖股份
603887,城地香江
603888,新华网
603889,新澳股份
603890,春秋电子
603893,瑞芯微
603895,天永智能
603896,寿仙谷
603897,长城科技
603898,好莱客
603899,晨光股份
603900,莱绅通灵
603901,永创智能
603903,中持股份
603906,龙蟠科技
603908,牧高笛
603909,建发合诚
603912,佳力图
603915,国茂股份
603916,苏博特
603917,合力科技
603918,金桥信息
603919,金徽酒
603920,世运电路
603922,ST金鸿顺
603926,铁流股份
603927,中科软
603928,兴业股份
603929,亚翔集成
603931,格林达
603933,睿能科技
603936,博敏电子
603937,丽岛新材
603938,三孚股份
603939,益丰药房
603948,建业股份
603949,雪龙集团
603950,长源东谷
603955,大千生态
603956,威派格
603958,哈森股份
603959,ST百利
603960,克来机电
603966,法兰泰克
603967,中创物流
603968,醋化股份
603969,银龙股份
603970,中农立华
603976,正川股份
603977,国泰集团
603978,深圳新星
603979,金诚信
603980,吉华集团
603982,泉峰汽车
603983,丸美生物
603985,恒润股份
603986,兆易创新
603987,康德莱
603988,中电电机
603989,艾华集团
603990,麦迪科技
603991,领先股份
603992,松霖科技
603993,洛阳钼业
603995,甬金股份
603997,继峰股份
603998,方盛制药
603999,读者传媒
605001,威奥股份
605003,众望布艺
605005,合兴股份
605006,山东玻纤
605007,五洲特纸
605008,长鸿高科
605009,豪悦护理
605011,杭州热电
605016,百龙创园
605018,长华集团
605020,永和股份
605028,世茂能源
605033,美邦股份
605050,福然德
605055,迎丰股份
605056,咸亨国际
605058,澳弘电子
605060,联德股份
605066,天正电气
605068,明新旭腾
605069,正和生态
605077,华康股份
605080,浙江自然
605086,XD龙高股
605088,冠盛股份
605089,味知香
605090,九丰能源
605098,行动教育
605099,共创草坪
605100,华丰股份
605108,XD同庆楼
605111,新洁能
605116,奥锐特
605117,德业股份
605118,力鼎光电
605122,四方新材
605123,派克新材
605128,上海沿浦
605133,嵘泰股份
605136,丽人丽妆
605138,盛泰集团
605151,西上海
605155,西大门
605158,华达新材
605162,新中港
605166,聚合顺
605167,利柏特
605168,三人行
605169,洪通燃气
605177,东亚药业
605178,时空科技
605179,一鸣食品
605180,华生科技
605183,确成股份
605186,健麾信息
605188,国光连锁
605189,富春染织
605196,华通线缆
605198,安德利
605199,ST葫芦娃
605208,永茂泰
605218,伟时电子
605222,起帆电缆
605228,神通科技
605255,天普股份
605258,协和电子
605259,绿田机械
605266,健之佳
605268,王力安防
605277,新亚电子
605286,同力天启
605287,德才股份
605288,凯迪股份
605289,罗曼股份
605296,神农集团
605298,必得科技
605299,舒华体育
605300,佳禾食品
605303,园林股份
605305,中际联合
605318,法狮龙
605319,无锡振华
605333,沪光股份
605336,*ST帅电
605337,李子园
605338,巴比食品
605339,南侨食品
605358,立昂微
605365,立达信
605366,宏柏新材
605368,蓝天燃气
605369,拱东医疗
605376,博迁新材
605377,华旺科技
605378,野马电池
605388,均瑶健康
605389,长龄液压
605398,新炬网络
605399,晨光新材
605488,福莱新材
605499,东鹏饮料
605500,森林包装
605507,国邦医药
605555,德昌股份
605566,福莱蒽特
605567,春雪食品
605577,龙版传媒
605580,恒盛能源
605588,冠石科技
605589,圣泉集团
605598,上海港湾
605599,菜百股份
688001,华兴源创
688002,睿创微纳
688003,天准科技
688004,博汇科技
688005,容百科技
688006,杭可科技
688007,光峰科技
688008,澜起科技
688009,中国通号
688010,福光股份
688011,新光光电
688012,中微公司
688013,天臣医疗
688015,交控科技
688016,心脉医疗
688017,绿的谐波
688018,乐鑫科技
688019,安集科技
688020,方邦股份
688021,奥福科技
688022,ST瀚川
688023,安恒信息
688025,杰普特
688026,洁特生物
688027,国盾量子
688028,沃尔德
688029,南微医学
688030,山石网科
688031,星环科技-U
688032,禾迈股份
688033,*ST天宜
688035,德邦科技
688036,传音控股
688037,芯源微
688038,中科通达
688039,当虹科技
688041,海光信息
688045,必易微
688046,药康生物
688047,龙芯中科
688048,长光华芯
688049,炬芯科技
688050,爱博医疗
688051,佳华科技
688052,纳芯微
688053,ST思科瑞
688055,龙腾光电
688056,莱伯泰科
688057,金达莱
688058,宝兰德
688059,华锐精密
688060,云涌科技
688061,灿瑞科技
688062,迈威生物-U
688063,派能科技
688065,凯赛生物
688066,*ST航图
688067,爱威科技
688068,热景生物
688069,德林海
688070,纵横股份
688071,华依科技
688072,拓荆科技
688073,毕得医药
688075,安旭生物
688076,ST诺泰
688077,大地熊
688078,龙软科技
688079,美迪凯
688080,映翰通
688081,兴图新科
688082,盛美上海
688083,中望软件
688084,晶品特装
688085,三友医疗
688087,英科再生
688088,虹软科技
688089,嘉必优
688090,瑞松科技
688091,上海谊众
688092,爱科科技
688093,世华科技
688095,福昕软件
688096,京源环保
688097,博众精工
688098,申联生物
688099,晶晨股份
688100,威胜信息
688101,三达膜
688102,斯瑞新材
688103,国力电子
688105,诺唯赞
688106,金宏气体
688107,安路科技
688108,赛诺医疗
688109,品茗科技
688110,东芯股份
688111,金山办公
688112,鼎阳科技
688113,联测科技
688114,华大智造
688115,思林杰
688116,天奈科技
688117,圣诺生物
688118,普元信息
688119,中钢洛耐
688120,华海清科
688121,*ST卓然
688122,西部超导
688123,聚辰股份
688125,安达智能
688126,沪硅产业
688127,蓝特光学
688128,中国电研
688129,东来技术
688130,晶华微
688131,皓元医药
688132,邦彦技术
688133,泰坦科技
688135,利扬芯片
688136,科兴制药
688137,近岸蛋白
688138,清溢光电
688139,海尔生物
688141,杰华特
688143,长盈通
688146,中船特气
688147,微导纳米
688148,芳源股份
688150,莱特光电
688151,华强科技
688152,麒麟信安
688153,唯捷创芯
688155,先惠技术
688156,路德科技
688157,松井股份
688158,优刻得-W
688159,有方科技
688160,步科股份
688161,威高骨科
688162,巨一科技
688163,赛伦生物
688165,埃夫特-U
688166,博瑞医药
688167,炬光科技
688168,安博通
688169,石头科技
688170,德龙激光
688171,纬德信息
688172,燕东微
688173,希荻微
688175,高凌信息
688176,亚虹医药-U
688177,百奥泰
688178,万德斯
688179,阿拉丁
688180,君实生物-U
688181,八亿时空
688182,灿勤科技
688183,生益电子
688184,ST帕瓦
688185,康希诺
688186,广大特材
688187,时代电气
688188,柏楚电子
688189,ST南新
688190,云路股份
688191,智洋创新
688192,迪哲医药-U
688193,仁度生物
688195,腾景科技
688196,卓越新能
688197,首药控股-U
688198,佰仁医疗
688199,久日新材
688200,华峰测控
688201,ST信安
688202,美迪西
688203,海正生材
688205,德科立
688206,概伦电子
688207,格灵深瞳
688208,道通科技
688209,XD英集芯
688210,统联精密
688211,中科微至
688212,澳华内镜
688213,思特威-W
688215,瑞晟智能
688216,气派科技
688217,睿昂基因
688218,江苏北人
688219,会通股份
688220,翱捷科技-U
688221,前沿生物-U
688222,成都先导
688223,晶科能源
688225,亚信安全
688226,威腾电气
688227,品高股份
688228,开普云
688229,博睿数据
688230,芯导科技
688231,隆达股份
688232,新点软件
688233,神工股份
688234,天岳先进
688235,百济神州
688236,春立医疗
688237,XD超卓航
688238,和元生物
688239,航宇科技
688244,永信至诚
688246,嘉和美康
688247,宣泰医药
688248,南网科技
688249,晶合集成
688251,XD井松智
688252,天德钰
688253,英诺特
688255,凯尔达
688256,寒武纪
688257,新锐股份
688258,卓易信息
688259,创耀科技
688260,昀冢科技
688261,东微半导
688262,国芯科技
688265,南模生物
688266,泽璟制药-U
688267,中触媒
688268,华特气体
688269,凯立新材
688270,ST臻镭
688271,联影医疗
688272,富吉瑞
688273,麦澜德
688275,万润新能
688276,百克生物
688277,天智航-U
688278,特宝生物
688279,峰岹科技
688280,精进电动-W
688281,华秦科技
688282,理工导航
688283,坤恒顺维
688285,高铁电气
688286,敏芯股份
688288,鸿泉技术
688289,圣湘生物
688290,景业智能
688291,金橙子
688292,浩瀚深度
688293,奥浦迈
688295,中复神鹰
688296,和达科技
688297,中无人机
688298,东方生物
688299,长阳科技
688300,联瑞新材
688301,奕瑞科技
688302,海创药业-U
688303,大全能源
688305,科德数控
688306,均普智能
688307,中润光学
688308,欧科亿
688309,恒誉环保
688310,迈得医疗
688311,盟升电子
688312,燕麦科技
688313,仕佳光子
688314,康拓医疗
688315,诺禾致源
688316,青云科技-U
688317,之江生物
688318,财富趋势
688319,欧林生物
688320,禾川科技
688321,微芯生物
688322,奥比中光-W
688323,瑞华泰
688325,赛微微电
688326,经纬恒润-W
688327,云从科技-UW
688328,深科达
688329,艾隆科技
688330,宏力达
688331,荣昌生物
688332,中科蓝讯
688333,铂力特
688334,西高院
688335,复洁科技
688336,三生国健
688337,普源精电
688338,赛科希德
688339,亿华通-U
688343,云天励飞-U
688345,博力威
688347,华虹宏力
688348,昱能科技
688349,三一重能
688350,富淼科技
688351,微电生理
688352,颀中科技
688353,华盛锂电
688355,明志科技
688356,键凯科技
688357,建龙微纳
688358,祥生医疗
688359,三孚新科
688360,德马科技
688361,中科飞测
688362,甬矽电子
688363,华熙生物
688365,光云科技
688366,昊海生科
688367,工大高科
688368,晶丰明源
688369,致远互联
688370,丛麟科技
688371,菲沃泰
688372,伟测科技
688373,盟科药业-U
688375,国博电子
688376,美埃科技
688377,迪威尔
688378,奥来德
688379,华光新材
688380,中微半导
688381,帝奥微
688382,益方生物-U
688383,新益昌
688385,复旦微电
688386,泛亚微透
688387,信科移动-U
688388,嘉元科技
688389,普门科技
688390,固德威
688391,钜泉科技
688392,骄成超声
688393,安必平
688395,正弦电气
688396,华润微
688398,赛特新材
688399,硕世生物
688400,凌云光
688401,路维光电
688403,汇成股份
688408,中信博
688409,富创精密
688410,山外山
688411,海博思创
688416,恒烁股份
688418,震有科技
688419,耐科装备
688420,美腾科技
688425,铁建重工
688426,康为世纪
688428,诺诚健华
688429,时创能源
688432,有研硅
688433,华曙高科
688435,英方软件
688439,振华风光
688443,智翔金泰-U
688448,磁谷科技
688449,联芸科技
688450,光格科技
688455,科捷智能
688456,有研粉材
688458,美芯晟
688459,哈铁科技
688466,金科环境
688468,科美诊断
688469,芯联集成-U
688472,阿特斯
688475,萤石网络
688478,晶升股份
688479,友车科技
688480,赛恩斯
688484,南芯科技
688485,九州一轨
688486,龙迅股份
688488,艾迪药业
688489,三未信安
688496,*ST清越
688498,源杰科技
688499,利元亨
688500,慧辰股份
688501,青达环保
688502,茂莱光学
688503,聚和材料
688505,复旦张江
688506,百利天恒
688507,索辰科技
688508,芯朋微
688509,正元地信
688510,航亚科技
688511,天微电子
688512,慧智微-U
688513,苑东生物
688515,裕太微-U
688516,奥特维
688517,金冠电气
688518,联赢激光
688519,南亚新材
688520,神州细胞
688521,芯原股份
688522,纳睿雷达
688523,航天环宇
688525,佰维存储
688526,科前生物
688528,秦川物联
688529,豪森智能
688530,欧莱新材
688531,日联科技
688533,上声电子
688535,华海诚科
688536,思瑞浦
688538,和辉光电-U
688539,高华科技
688543,国科军工
688545,兴福电子
688548,广钢气体
688549,中巨芯-U
688550,瑞联新材
688551,科威尔
688552,航天南湖
688553,汇宇制药-W
688556,高测股份
688557,兰剑智能
688558,国盛智科
688559,海目星
688560,明冠新材
688561,奇安信-U
688562,航天软件
688563,航材股份
688565,力源科技
688566,吉贝尔
688567,孚能科技
688568,中科星图
688569,铁科轨道
688570,天玛智控
688571,杭华股份
688573,信宇人
688575,亚辉龙
688576,西山科技
688577,浙海德曼
688578,艾力斯
688579,地纬智能
688580,伟思医疗
688581,安杰思
688582,芯动联科
688583,思看科技
688584,上海合晶
688585,上纬新材
688586,江航装备
688588,凌志软件
688589,力合微
688590,新致软件
688591,泰凌微
688592,司南导航
688593,新相微
688595,芯海科技
688596,正帆科技
688597,煜邦电力
688598,金博股份
688599,天合光能
688600,皖仪科技
688601,力芯微
688602,康鹏科技
688603,天承科技
688605,先锋精科
688606,奥泰生物
688607,康众医疗
688608,恒玄科技
688609,九联科技
688610,埃科光电
688611,杭州柯林
688612,威迈斯
688613,奥精医疗
688615,合合信息
688616,西力科技
688617,惠泰医疗
688618,三旺通信
688619,罗普特
688620,安凯微
688621,阳光诺和
688622,*ST禾信
688623,双元科技
688625,呈和科技
688626,翔宇医疗
688627,精智达
688628,优利德
688629,华丰科技
688630,芯碁微装
688631,莱斯信息
688633,星球石墨
688635,长进光子
688636,智明达
688638,誉辰智能
688639,华恒生物
688646,ST逸飞
688648,中邮科技
688651,盛邦安全
688652,京仪装备
688653,康希通信
688655,迅捷兴
688656,浩欧博
688657,浩辰软件
688658,悦康药业
688659,元琛科技
688660,电气风电
688661,和林微纳
688662,富信科技
688663,新风光
688665,四方光电
688667,菱电电控
688668,鼎通科技
688669,聚石化学
688670,金迪克
688671,碧兴物联
688676,金盘科技
688677,海泰新光
688678,福立旺
688679,通源环境
688680,海优新材
688681,科汇股份
688682,霍莱沃
688683,莱尔科技
688685,迈信林
688686,奥普特
688687,凯因科技
688689,银河微电
688690,纳微科技
688691,灿芯股份
688692,达梦数据
688693,锴威特
688695,中创股份
688696,极米科技
688697,纽威数控
688698,伟创电气
688699,明微电子
688700,东威科技
688701,卓锦股份
688702,盛科通信-U
688707,振华新材
688708,佳驰科技
688709,成都华微
688710,益诺思
688711,宏微科技
688712,北芯生命
688716,中研股份
688717,艾罗能源
688718,唯赛勃
688719,爱科赛博
688720,艾森股份
688721,龙图光罩
688722,同益中
688726,拉普拉斯
688727,恒坤新材
688728,格科微
688729,屹唐股份
688733,壹石通
688737,中自科技
688739,成大生物
688750,金天钛业
688755,汉邦科技
688757,XD胜科纳
688758,赛分科技
688759,必贝特-U
688765,禾元生物-U
688766,普冉股份
688767,博拓生物
688768,容知日新
688772,珠海冠宇
688775,影石创新
688776,国光电气
688777,中控技术
688778,厦钨新能
688779,五矿新能
688781,视涯科技-UW
688783,西安奕材-U
688785,恒运昌
688786,悦安新材
688787,海天瑞声
688788,科思科技
688789,宏华数科
688790,昂瑞微-UW
688793,倍轻松
688795,摩尔线程-U
688796,百奥赛图
688797,臻宝科技
688798,艾为电子
688799,华纳药厂
688800,瑞可达
688802,沐曦股份-U
688805,健信超导
688807,优迅股份
688808,联讯仪器
688809,强一股份
688811,有研复材
688813,泰金新能
688816,易思维
688818,电科蓝天
688819,天能股份
688820,盛合晶微
688981,中芯国际
300001,特锐德
300002,神州泰岳
300003,乐普医疗
300004,南风股份
300005,探路者
300006,莱美药业
300007,汉威科技
300008,天海防务
300009,安科生物
300010,ST豆神
300011,鼎汉技术
300012,华测检测
300013,新宁物流
300014,亿纬锂能
300015,爱尔眼科
300016,北陆药业
300017,网宿科技
300018,中元股份
300019,硅宝科技
300020,ST银江
300021,大禹节水
300022,吉峰科技
300024,机器人
300025,华星创业
300026,红日药业
300027,ST华谊
300029,天龙退
300030,阳普医疗
300031,宝通科技
300032,金龙机电
300033,同花顺
300034,钢研高纳
300035,中科电气
300036,超图软件
300037,新宙邦
300039,上海凯宝
300040,九洲集团
300041,回天新材
300042,朗科科技
300043,星辉娱乐
300044,*ST赛为
300045,华力创通
300046,台基股份
300047,天源迪科
300048,合康新能
300049,福瑞医科
300050,世纪鼎利
300051,琏升科技
300052,中青宝
300053,航宇微
300054,鼎龙股份
300055,万邦达
300056,中创环保
300057,万顺新材
300058,蓝色光标
300059,东方财富
300061,旗天科技
300062,中能电气
300063,天龙集团
300065,海兰信
300066,三川智慧
300067,安诺其
300068,ST南都
300069,金利华电
300070,碧水源
300071,福石控股
300072,海新能科
300073,当升科技
300074,华平股份
300075,数字政通
300076,*ST宁视
300077,国民技术
300078,思创智联
300079,数码视讯
300080,易成新能
300081,ST恒信
300082,奥克股份
300083,创世纪
300084,海默科技
300085,银之杰
300086,康芝药业
300087,ST荃银
300088,长信科技
300091,*ST金灵
300092,科新机电
300093,金刚光伏
300094,国联水产
300095,华伍股份
300096,ST易联众
300097,智云股份
300098,高新兴
300099,尤洛卡
300100,双林股份
300101,振芯科技
300102,乾照光电
300103,达刚控股
300105,龙源技术
300106,西部牧业
300107,建新股份
300109,新开源
300110,华仁药业
300111,向日葵
300112,万讯自控
300113,顺网科技
300115,长盈精密
300118,东方日升
300119,瑞普生物
300120,经纬辉开
300121,阳谷华泰
300122,智飞生物
300123,ST亚光
300124,汇川技术
300125,*ST聆达
300126,锐奇股份
300127,银河磁体
300128,锦富技术
300129,泰胜风能
300130,新国都
300131,英唐智控
300132,青松股份
300133,华策影视
300134,大富科技
300135,宝利国际
300136,信维通信
300137,先河环保
300138,晨光生物
300139,晓程科技
300140,节能环境
300141,和顺电气
300142,沃森生物
300143,盈康生命
300144,宋城演艺
300145,南方泵业
300146,汤臣倍健
300147,*ST香雪
300148,天舟文化
300149,睿智医药
300150,世纪瑞尔
300151,昌红科技
300152,*ST动力
300153,科泰电源
300154,瑞凌股份
300155,安居宝
300157,新锦动力
300158,振东制药
300159,新研股份
300160,秀强股份
300161,华中数控
300162,雷曼光电
300163,先锋新材
300164,通源石油
300165,天瑞仪器
300166,东方国信
300167,ST迪威迅
300168,万达信息
300169,天晟新材
300170,汉得信息
300171,东富龙
300172,中电环保
300173,ST福能
300174,元力股份
300175,朗源股份
300176,鸿特科技
300177,中海达
300179,四方达
300180,华峰超纤
300181,佐力药业
300182,捷成股份
300183,东软载波
300184,力源信息
300185,通裕重工
300187,永清环保
300188,国投智能
300189,神农种业
300190,维尔利
300191,潜能恒信
300192,科德教育
300193,佳士科技
300194,福安药业
300195,长荣股份
300196,长海股份
300197,节能铁汉
300198,*ST纳川
300199,翰宇药业
300200,高盟新材
300201,海伦哲
300203,聚光科技
300204,舒泰神
300205,*ST天喻
300206,理邦仪器
300207,欣旺达
300209,行云科技
300210,森远股份
300211,*ST亿通
300212,*ST易录
300213,佳讯飞鸿
300214,日科化学
300215,电科院
300217,东方电热
300218,安利股份
300219,鸿利智汇
300220,金运激光
300221,银禧科技
300222,科大智能
300223,北京君正
300224,正海磁材
300225,金力泰
300226,上海钢联
300227,光韵达
300228,富瑞特装
300229,拓尔思
300230,永利股份
300231,银信科技
300232,洲明科技
300233,金城医药
300234,开尔新材
300235,方直科技
300236,上海新阳
300237,ST美晨
300238,冠昊生物
300239,东宝生物
300240,飞力达
300241,瑞丰光电
300242,佳云科技
300243,瑞丰高材
300244,迪安诊断
300245,ST天玑
300246,宝莱特
300247,融捷健康
300248,新开普
300249,依米康
300250,初灵信息
300251,光线传媒
300252,金信诺
300253,卫宁健康
300254,仟源医药
300255,常山药业
300256,星星科技
300257,开山股份
300258,精锻科技
300259,新天科技
300260,新莱应材
300261,雅本化学
300263,隆华科技
300264,佳创视讯
300265,通光线缆
300266,兴源环境
300267,尔康制药
300268,佳沃食品
300269,联建光电
300270,中威电子
300271,华宇软件
300272,开能健康
300274,阳光电源
300275,梅安森
300276,三丰智能
300277,汽轮科技
300278,华昌达
300279,和晶科技
300281,金明精机
300283,温州宏丰
300284,苏交科
300285,国瓷材料
300286,安科瑞
300287,飞利信
300288,朗玛信息
300289,利德曼
300290,ST荣科
300291,百纳千成
300292,吴通控股
300293,蓝英装备
300294,博雅生物
300295,*ST三六五
300296,利亚德
300298,三诺生物
300299,富春股份
300300,海峡创新
300301,ST长方
300302,同有科技
300303,聚飞光电
300304,云意电气
300305,裕兴股份
300306,远方信息
300307,慈星股份
300308,中际旭创
300310,宜通世纪
300311,ST任子行
300313,天山生物
300314,戴维医疗
300315,掌趣科技
300316,晶盛机电
300317,珈伟新能
300318,博晖创新
300319,麦捷科技
300320,海达股份
300321,同大股份
300322,硕贝德
300323,华灿光电
300324,旋极信息
300326,ST凯利
300327,中颖电子
300328,宜安科技
300329,海伦钢琴
300331,苏大维格
300332,天壕能源
300333,兆日科技
300334,津膜科技
300335,迪森股份
300337,银邦股份
300338,*ST开元
300339,润和软件
300340,科恒股份
300341,麦克奥迪
300342,天银机电
300343,联创股份
300345,华民股份
300346,南大光电
300347,泰格医药
300348,长亮科技
300349,金卡智能
300350,华鹏飞
300351,永贵电器
300352,ST信源
300353,东土科技
300354,东华测试
300355,蒙草生态
300357,我武生物
300358,楚天科技
300359,全通教育
300360,炬华科技
300363,博腾股份
300364,中文在线
300365,恒华科技
300366,ST创意
300368,汇金股份
300369,绿盟科技
300370,安控科技
300371,汇中股份
300373,扬杰科技
300374,中铁装配
300375,鹏翎股份
300376,易事特
300377,赢时胜
300378,鼎捷数智
300380,安硕信息
300381,溢多利
300382,斯莱克
300383,光环新网
300384,三联虹普
300385,ST雪浪
300386,飞天诚信
300387,富邦科技
300388,节能国祯
300389,艾比森
300390,天华新能
300393,中来股份
300394,天孚通信
300395,菲利华
300396,ST迪瑞
300397,天和防务
300398,飞凯材料
300399,天利科技
300400,劲拓股份
300401,花园生物
300402,宝色股份
300403,汉宇集团
300404,博济医药
300405,科隆股份
300406,九强生物
300407,凯发电气
300408,三环集团
300409,道氏技术
300410,正业科技
300411,金盾股份
300412,迦南科技
300413,芒果超媒
300414,中光防雷
300415,伊之密
300416,苏试试验
300417,南华仪器
300418,昆仑万维
300419,ST浩丰
300420,五洋自控
300421,力星股份
300422,博世科
300423,昇辉科技
300424,航新科技
300425,中建环能
300426,华智数媒
300427,红相股份
300428,立中集团
300429,强力新材
300430,*ST益通
300432,富临精工
300433,蓝思科技
300434,金石亚药
300435,中泰股份
300436,广生堂
300437,清水源
300438,鹏辉能源
300439,美康生物
300440,运达科技
300441,鲍斯股份
300442,润泽科技
300443,金雷股份
300444,双杰电气
300445,康斯特
300446,航天智造
300447,全信股份
300448,浩云科技
300449,汉邦高科
300450,先导智能
300451,创业慧康
300452,山河药辅
300453,三鑫医疗
300454,深信服
300455,航天智装
300456,赛微电子
300457,赢合科技
300458,全志科技
300459,汤姆猫
300460,ST惠伦
300461,田中精机
300462,ST华铭
300463,迈克生物
300464,星徽股份
300465,高伟达
300466,赛摩智能
300467,迅游科技
300468,四方精创
300469,信息发展
300470,中密控股
300471,厚普股份
300472,*ST新元
300473,德尔股份
300474,景嘉微
300475,香农芯创
300476,胜宏科技
300477,ST合纵
300478,杭州高新
300479,神思电子
300480,光力科技
300481,濮阳惠成
300482,万孚生物
300483,首华燃气
300484,蓝海华腾
300485,赛升药业
300486,东杰智能
300487,蓝晓科技
300488,恒锋工具
300489,光智科技
300490,华自科技
300491,通合科技
300492,华图山鼎
300493,润欣科技
300494,盛天网络
300496,中科创达
300497,富祥股份
300498,温氏股份
300499,高澜股份
300500,启迪设计
300501,海顺新材
300502,新易盛
300503,昊志机电
300504,天邑股份
300505,川金诺
300506,名家汇
300507,苏奥传感
300508,维宏股份
300509,新美星
300510,金冠股份
300511,雪榕生物
300512,中亚股份
300513,恒实科技
300514,友讯达
300515,三德科技
300516,久之洋
300517,海波重科
300518,新迅达
300519,新光药业
300520,科大国创
300521,爱司凯
300522,世名科技
300523,辰安科技
300525,博思软件
300527,ST应急
300528,幸福蓝海
300529,健帆生物
300530,领湃科技
300531,优博讯
300532,今天国际
300533,冰川网络
300534,陇神戎发
300535,达威股份
300536,农尚环境
300537,广信材料
300538,同益股份
300539,横河精密
300540,蜀道装备
300541,先进数通
300542,新晨科技
300543,朗科智能
300545,联得装备
300546,雄帝科技
300547,川环科技
300548,长芯博创
300549,优德精密
300550,和仁科技
300551,古鳌科技
300552,万集科技
300553,集智股份
300554,三超新材
300555,ST路通
300556,丝路视觉
300557,理工光科
300558,贝达药业
300559,佳发教育
300560,中富通
300561,汇金科技
300562,乐心医疗
300563,神宇股份
300564,筑博设计
300565,科信技术
300566,激智科技
300567,精测电子
300568,星源材质
300569,天能重工
300570,太辰光
300571,平治信息
300572,安车检测
300573,兴齐眼药
300575,中旗股份
300576,容大感光
300577,开润股份
300578,会畅科技
300579,数字认证
300580,贝斯特
300581,晨曦航空
300582,英飞特
300583,赛托生物
300584,海辰药业
300585,奥联电子
300586,美联新材
300587,天铁科技
300588,熙菱信息
300589,江龙船艇
300590,移为通信
300591,万里马
300592,华凯易佰
300593,新雷能
300594,ST朗进
300595,欧普康视
300596,利安隆
300597,吉大通信
300598,诚迈科技
300599,雄塑科技
300600,国瑞科技
300601,康泰生物
300602,飞荣达
300603,立昂技术
300604,长川科技
300605,恒锋信息
300606,金太阳
300607,拓斯达
300608,思特奇
300609,汇纳科技
300610,晨化股份
300611,美力科技
300612,宣亚国际
300613,富瀚微
300614,百川畅银
300615,欣天科技
300616,尚品宅配
300617,安靠智电
300618,寒锐钴业
300619,金银河
300620,光库科技
300621,维业股份
300622,博士眼镜
300623,捷捷微电
300624,万兴科技
300625,三雄极光
300626,华瑞股份
300627,华测导航
300628,亿联网络
300629,新劲刚
300631,久吾高科
300632,光莆股份
300633,开立医疗
300634,彩讯股份
300635,中达安
300636,同和药业
300637,扬帆新材
300638,广和通
300639,凯普生物
300640,德艺文创
300641,正丹股份
300642,透景生命
300643,万通智控
300644,南京聚隆
300645,正元智慧
300647,超频三
300648,星云股份
300649,杭州园林
300650,太龙股份
300651,金陵体育
300652,雷迪克
300653,正海生物
300654,世纪天鸿
300655,晶瑞电材
300656,民德电子
300657,弘信电子
300658,延江股份
300659,中孚信息
300660,江苏雷利
300661,圣邦股份
300662,科锐国际
300663,科蓝软件
300664,鹏鹞环保
300665,飞鹿股份
300666,江丰电子
300667,必创科技
300668,杰恩股份
300669,沪宁股份
300670,大烨智能
300671,富满微
300672,国科微
300673,佩蒂股份
300674,宇信科技
300675,建科院
300676,华大基因
300677,英科医疗
300678,中科信息
300679,电连技术
300680,隆盛科技
300681,英搏尔
300682,朗新科技
300683,海特生物
300684,中石科技
300685,艾德生物
300686,智动力
300687,赛意信息
300688,创业黑马
300689,澄天伟业
300690,双一科技
300691,联合光电
300692,中赋科技
300693,盛弘股份
300694,蠡湖股份
300695,兆丰股份
300696,爱乐达
300697,电工合金
300698,万马科技
300699,光威复材
300700,岱勒新材
300701,森霸传感
300702,天宇股份
300703,创源股份
300705,九典制药
300706,阿石创
300707,威唐工业
300708,聚灿光电
300709,精研科技
300710,万隆光电
300711,广哈通信
300712,永福股份
300713,英可瑞
300715,凯伦股份
300716,*ST泉为
300717,华信新材
300718,长盛轴承
300719,安达维尔
300720,海川智能
300721,怡达股份
300722,新余国科
300723,一品红
300724,捷佳伟创
300725,药石科技
300726,宏达电子
300727,润禾材料
300729,乐歌股份
300730,科创信息
300731,科创新源
300732,设研院
300733,西菱动力
300735,光弘科技
300736,百邦科技
300737,科顺股份
300738,奥飞数据
300739,明阳电路
300740,水羊股份
300741,华宝股份
300743,天地数码
300745,欣锐科技
300746,汉嘉数智
300747,锐科激光
300748,金力永磁
300749,顶固集创
300750,宁德时代
300751,迈为股份
300752,隆利科技
300753,爱朋医疗
300755,华致酒行
300756,金马游乐
300757,罗博特科
300758,七彩化学
300759,康龙化成
300760,迈瑞医疗
300761,立华股份
300762,上海瀚讯
300763,锦浪科技
300765,石药创新
300766,每日互动
300767,震安科技
300768,迪普科技
300769,德方纳米
300770,新媒股份
300771,智莱科技
300772,运达股份
300773,拉卡拉
300774,倍杰特
300775,三角防务
300776,帝尔激光
300777,中简科技
300778,新城市
300779,惠城环保
300780,德恩精工
300781,因赛集团
300782,卓胜微
300783,三只松鼠
300784,利安科技
300785,值得买
300786,国林科技
300787,海能实业
300788,中信出版
300789,唐源电气
300790,宇瞳光学
300791,仙乐健康
300792,壹网壹创
300793,佳禾智能
300795,米奥会展
300796,贝斯美
300797,钢研纳克
300798,锦鸡股份
300800,力合科技
300801,泰和科技
300802,矩子科技
300803,指南针
300804,广康生化
300805,电声股份
300806,斯迪克
300807,天迈科技
300808,久量股份
300809,华辰装备
300810,中科海讯
300811,铂科新材
300812,易天股份
300813,泰林生物
300814,中富电路
300815,玉禾田
300816,艾可蓝
300817,双飞集团
300818,耐普矿机
300819,聚杰微纤
300820,英杰电气
300821,东岳硅材
300822,贝仕达克
300823,建科智能
300824,北鼎股份
300825,阿尔特
300826,测绘股份
300827,上能电气
300828,锐新科技
300829,金丹科技
300830,金现代
300831,ST派瑞
300832,新产业
300833,浩洋股份
300834,星辉环材
300835,龙磁科技
300836,佰奥智能
300837,浙矿股份
300838,浙江力诺
300839,博汇股份
300840,酷特智能
300841,康华生物
300842,帝科股份
300843,胜蓝股份
300844,山水比德
300845,捷安高科
300846,首都在线
300847,中船汉光
300848,美瑞新材
300849,锦盛新材
300850,新强联
300851,交大思诺
300852,四会富仕
300853,申昊科技
300854,中兰环保
300855,图南股份
300856,科思股份
300857,协创数据
300858,科拓生物
300859,西域旅游
300860,锋尚文化
300861,美畅股份
300862,蓝盾光电
300863,卡倍亿
300864,南大环境
300865,大宏立
300866,安克创新
300867,圣元环保
300868,杰美特
300869,康泰医学
300870,欧陆通
300871,回盛生物
300872,天阳科技
300873,海晨股份
300875,捷强装备
300876,蒙泰高新
300877,金春股份
300878,维康药业
300879,大叶股份
300880,迦南智能
300881,盛德鑫泰
300882,万胜智能
300883,龙利得
300884,狄耐克
300885,海昌新材
300886,华业香料
300887,谱尼测试
300888,稳健医疗
300889,爱克股份
300890,翔丰华
300891,惠云钛业
300892,品渥食品
300893,松原安全
300894,火星人
300895,铜牛信息
300896,爱美客
300897,山科智能
300898,熊猫乳品
300899,上海凯鑫
300900,广联航空
300901,中胤时尚
300902,国安达
300903,科翔股份
300904,威力传动
300905,宝丽迪
300906,日月明
300907,康平科技
300908,仲景食品
300909,汇创达
300910,瑞丰新材
300911,亿田智能
300912,凯龙高科
300913,兆龙互连
300915,海融科技
300916,朗特智能
300917,特发服务
300918,南山智尚
300919,中伟新材
300920,润阳科技
300921,南凌科技
300922,天秦装备
300923,研奥股份
300925,法本信息
300926,博俊科技
300927,江天化学
300928,华安鑫创
300929,华骐环保
300930,屹通新材
300931,通用电梯
300932,三友联众
300933,中辰股份
300935,盈建科
300936,中英科技
300937,药易购
300938,信测标准
300939,秋田微
300940,南极光
300941,创识科技
300942,易瑞生物
300943,春晖智控
300945,曼卡龙
300946,恒而达
300947,德必集团
300948,冠中生态
300949,奥雅股份
300950,德固特
300951,博硕科技
300952,恒辉安防
300953,震裕科技
300955,嘉亨家化
300956,英力股份
300957,贝泰妮
300958,建工修复
300959,线上线下
300960,通业科技
300961,深水海纳
300962,中金辐照
300963,中洲特材
300964,本川智能
300965,恒宇信通
300966,共同药业
300967,晓鸣股份
300968,格林精密
300969,恒帅股份
300970,华绿生物
300971,博亚精工
300972,万辰集团
300973,立高食品
300975,商络电子
300976,达瑞电子
300977,深圳瑞捷
300978,东箭科技
300979,华利集团
300980,祥源新材
300981,中红医疗
300982,苏文电能
300983,尤安设计
300984,金沃股份
300985,致远新能
300986,志特新材
300987,川网传媒
300988,津荣天宇
300989,蕾奥规划
300990,同飞股份
300991,创益通
300992,泰福泵业
300993,玉马科技
300994,久祺股份
300995,奇德新材
300996,普联软件
300997,欢乐家
300998,宁波方正
300999,金龙鱼
301000,肇民科技
301001,凯淳股份
301002,崧盛股份
301003,江苏博云
301004,嘉益股份
301005,超捷股份
301006,迈拓股份
301007,德迈仕
301008,宏昌科技
301009,可靠股份
301010,晶雪节能
301011,华立科技
301012,扬电科技
301013,利和兴
301015,百洋医药
301016,雷尔伟
301017,漱玉平民
301018,申菱环境
301019,宁波色母
301020,密封科技
301021,英诺激光
301022,海泰科
301023,奕帆传动
301024,霍普股份
301025,读客文化
301026,浩通科技
301027,华蓝集团
301028,鼎熔岩
301029,怡合达
301030,*ST仕净
301031,中熔电气
301032,新柴股份
301033,迈普医学
301035,润丰股份
301036,双乐股份
301037,保立佳
301038,深水规院
301039,中集车辆
301040,中环海陆
301041,金百泽
301042,安联锐视
301043,绿岛风
301045,天禄科技
301046,能辉科技
301047,义翘神州
301048,金鹰重工
301049,超越科技
301050,雷电微力
301051,信濠光电
301052,果麦文化
301053,远信工业
301055,张小泉
301056,森赫股份
301057,汇隆新材
301058,中粮科工
301059,金三江
301060,兰卫医学
301061,匠心家居
301062,上海艾录
301063,海锅股份
301065,本立科技
301066,万事利
301067,显盈科技
301068,大地海洋
301069,凯盛新材
301070,开勒股份
301071,力量钻石
301072,中捷精工
301073,君亭酒店
301075,多瑞医药
301076,新瀚新材
301077,星华新材
301078,孩子王
301079,邵阳液压
301080,百普赛斯
301081,严牌股份
301082,久盛电气
301083,百胜智能
301085,亚康股份
301086,鸿富瀚
301087,可孚医疗
301088,戎美股份
301089,拓新药业
301090,华润材料
301091,深城交
301092,争光股份
301093,华兰股份
301095,广立微
301096,百诚医药
301097,天益医疗
301098,金埔园林
301099,雅创电子
301100,风光股份
301101,明月镜片
301102,兆讯传媒
301103,何氏眼科
301105,鸿铭股份
301106,骏成科技
301107,瑜欣电子
301108,洁雅股份
301109,军信股份
301110,青木科技
301111,粤万年青
301112,信邦智能
301113,雅艺科技
301115,联检科技
301116,益客食品
301117,佳缘科技
301118,恒光股份
301119,正强股份
301120,新特电气
301121,紫建电子
301122,采纳股份
301123,奕东电子
301125,腾亚精工
301126,达嘉维康
301127,武汉天源
301128,强瑞技术
301129,瑞纳智能
301130,西点药业
301131,聚赛龙
301132,满坤科技
301133,金钟股份
301135,瑞德智能
301136,招标股份
301137,哈焊华通
301138,华研精机
301139,*ST元道
301141,中科磁业
301148,嘉戎技术
301149,隆华新材
301150,中一科技
301151,冠龙节能
301152,天力锂能
301153,中科江南
301155,海力风电
301156,美农生物
301157,华塑科技
301158,德石股份
301159,三维天地
301160,翔楼新材
301161,唯万密封
301162,国能日新
301163,宏德股份
301165,锐捷网络
301166,优宁维
301167,建研设计
301168,通灵股份
301169,零点有数
301170,锡南科技
301171,易点天下
301172,君逸数码
301173,毓恬冠佳
301175,中科环保
301176,逸豪新材
301177,迪阿股份
301178,天亿马
301179,泽宇智能
301180,万祥科技
301181,标榜股份
301182,凯旺科技
301183,东田微
301185,鸥玛软件
301186,超达装备
301187,欧圣电气
301188,力诺药包
301189,奥尼电子
301190,善水科技
301191,菲菱科思
301192,泰祥股份
301193,家联科技
301195,北路智控
301196,唯科科技
301197,工大科雅
301198,喜悦智行
301199,迈赫股份
301200,大族数控
301201,诚达药业
301202,朗威股份
301203,国泰环保
301205,联特科技
301206,三元生物
301207,华兰疫苗
301208,中亦科技
301209,联合化学
301210,金杨精密
301211,亨迪药业
301212,联盛化学
301213,观想科技
301215,中汽股份
301216,万凯新材
301217,铜冠铜箔
301218,华是科技
301219,腾远钴业
301220,亚香股份
301221,光庭信息
301222,浙江恒威
301223,中荣股份
301225,恒勃股份
301226,祥明智能
301227,森鹰窗业
301228,实朴检测
301229,纽泰格
301230,泓博医药
301231,荣信文化
301232,飞沃科技
301233,盛帮股份
301234,五洲医疗
301235,华康洁净
301236,软通动力
301237,和顺科技
301238,瑞泰新材
301239,普瑞眼科
301246,宏源药业
301248,杰创智能
301251,威尔高
301252,同星科技
301255,通力科技
301256,华融化学
301257,普蕊斯
301258,富士莱
301259,艾布鲁
301260,格力博
301261,恒工精密
301262,海看股份
301263,泰恩康
301265,华新科技
301266,宇邦新材
301267,华厦眼科
301268,铭利达
301269,华大九天
301270,汉仪股份
301272,英华特
301273,瑞晨环保
301275,汉朔科技
301276,嘉曼服饰
301277,新天地
301278,快可电子
301279,金道科技
301280,珠城科技
301281,科源制药
301282,金禄电子
301283,聚胶股份
301285,鸿日达
301286,侨源股份
301287,康力源
301288,清研环境
301289,国缆检测
301290,东星医疗
301291,明阳电气
301292,海科新源
301293,三博脑科
301295,美硕科技
301296,新巨丰
301297,富乐德
301298,东利机械
301299,卓创资讯
301300,远翔新材
301301,川宁生物
301302,华如科技
301303,真兰仪表
301305,朗坤科技
301306,西测测试
301307,美利信
301308,江波龙
301309,万得凯
301310,鑫宏业
301311,昆船智能
301312,智立方
301313,凡拓数创
301314,科瑞思
301315,威士顿
301316,慧博云通
301317,鑫磊股份
301318,维海德
301319,唯特偶
301320,豪江智能
301321,翰博高新
301322,绿通科技
301323,新莱福
301325,曼恩斯特
301326,捷邦科技
301327,华宝新能
301328,维峰电子
301329,信音电子
301330,熵基科技
301331,恩威医药
301332,德尔玛
301333,诺思格
301335,天元宠物
301336,趣睡科技
301337,亚华电子
301338,凯格精机
301339,通行宝
301345,涛涛车业
301348,蓝箭电子
301349,信德新材
301353,普莱得
301355,南王科技
301356,天振股份
301357,北方长龙
301358,湖南裕能
301359,东南电子
301360,荣旗科技
301361,众智科技
301362,民爆光电
301363,美好医疗
301365,矩阵股份
301366,一博科技
301367,瑞迈特
301368,丰立智能
301369,联动科技
301370,国科恒泰
301371,敷尔佳
301372,科净源
301373,凌玮科技
301376,致欧科技
301377,鼎泰高科
301378,通达海
301379,天山电子
301380,挖金客
301381,赛维时代
301382,蜂助手
301383,天键股份
301386,未来电器
301387,光大同创
301388,欣灵电气
301389,隆扬电子
301390,经纬股份
301391,卡莱特
301392,汇成真空
301393,昊帆生物
301395,仁信新材
301396,宏景科技
301397,溯联股份
301398,星源卓镁
301399,英特科技
301408,华人健康
301413,安培龙
301418,协昌科技
301419,阿莱德
301421,波长光电
301428,世纪恒通
301429,森泰股份
301439,泓淋电力
301446,福事特
301448,开创电气
301449,天溯计量
301456,盘古智能
301458,钧崴电子
301459,丰茂股份
301468,博盈特焊
301469,恒达新材
301479,弘景光电
301486,致尚科技
301487,盟固利
301488,豪恩汽电
301489,思泉新材
301491,汉桑科技
301498,乖宝宠物
301499,维科精密
301500,飞南资源
301501,恒鑫生活
301502,华阳智能
301503,智迪科技
301505,苏州规划
301507,民生健康
301508,中机认检
301509,金凯生科
301510,固高科技
301511,德福科技
301512,智信精密
301513,尚水智能
301515,港通医疗
301516,中远通
301517,陕西华达
301518,长华化学
301519,舜禹股份
301520,万邦医药
301522,上大股份
301525,儒竞科技
301526,国际复材
301528,多浦乐
301529,福赛科技
301531,春光集团
301533,威马农机
301535,浙江华远
301536,星宸科技
301538,骏鼎达
301539,宏鑫科技
301548,崇德科技
301550,斯菱智驱
301551,无线传媒
301552,科力装备
301555,惠柏新材
301556,托普云农
301557,常友科技
301558,三态股份
301559,中集环科
301560,众捷汽车
301563,云汉芯城
301565,中仑新材
301566,达利凯普
301567,贝隆精密
301568,思泰克
301571,国科天成
301575,艾芬达
301577,美信科技
301578,辰奕智能
301580,爱迪特
301581,黄山谷捷
301584,建发致新
301585,蓝宇股份
301586,佳力奇
301587,中瑞股份
301588,美新科技
301589,诺瓦星云
301590,优优绿能
301591,肯特股份
301592,六九一二
301595,太力科技
301596,瑞迪智驱
301598,博科测试
301599,理奇智能
301600,慧翰股份
301601,惠通科技
301602,超研股份
301603,乔锋智能
301606,绿联科技
301607,富特科技
301608,博实结
301609,山大电力
301611,珂玛科技
301613,新铝时代
301616,浙江华业
301617,博苑新材
301618,长联科技
301622,英思特
301626,苏州天脉
301628,强达电路
301629,矽电股份
301630,同宇新材
301631,壹连科技
301632,广东建科
301633,港迪技术
301636,泽润新能
301638,南网数字
301656,联合动力
301658,首航新能
301662,宏工科技
301665,泰禾股份
301666,大普微-UW
301667,纳百川
301668,昊创瑞通
301669,高特电子
301678,新恒汇
301680,固德电材
301682,宏明电子
301683,慧谷新材
301687,新广益
301696,三瑞智能
302132,中航成飞
